Layer,PPFD
1,1267.4581802941398
1,1267.9715201012557
1,1266.8353628531288
1,1267.3413426291734
1,1267.2099853641212
1,1268.128029309757
1,1270.1578338912834
1,1267.6549605961854
1,1266.044542882796
1,1264.664747697878
1,1263.9453095294439
1,1264.8551617149478
1,1264.718519919995
1,1265.0253975389708
1,1267.3860841556573
1,1270.4809884430676
1,1267.985961017947
1,1265.9873361228365
1,1264.0466171789662
1,1263.3799803311751
1,1263.3531497880897
1,1264.011115150126
1,1263.4554153536328
1,1263.6156704846405
1,1264.4583569824488
1,1267.220688185376
1,1268.5173510363434
1,1265.623316772221
1,1263.9426601561104
1,1262.7382228246854
1,1262.3249450501746
1,1261.7644912821954
1,1261.840494070759
1,1262.7359012804645
1,1262.9948111859444
1,1264.2215854423982
1,1265.8320776174842
1,1267.881698494886
1,1266.8325489201573
1,1265.136495820657
1,1264.4435010766501
1,1262.4948648436061
1,1262.6949249343918
1,1260.0994967079212
1,1261.3130545177837
1,1261.8207019297863
1,1262.3996631771302
1,1264.2612104476436
1,1264.8374782087074
1,1267.4853859155844
1,1267.1313206321577
1,1264.5847501792368
1,1263.2706968227815
1,1262.175986297441
1,1261.307185935913
1,1261.3050452984774
1,1261.2913611758556
1,1260.8808517026796
1,1261.8014710947393
1,1263.5719910747882
1,1264.5143393118353
1,1267.7776263341605
1,1267.5392040273775
1,1265.3938475508535
1,1263.7791648165892
1,1262.2730473275533
1,1261.037618014363
1,1262.0866288186958
1,1261.922709407112
1,1261.477122508993
1,1262.3157700121817
1,1262.6513711678626
1,1264.6720399948483
1,1267.471933266273
1,1267.5798093456533
1,1265.1881304609988
1,1264.2249363287194
1,1262.7961693859836
1,1261.9509148238465
1,1261.6819932358046
1,1261.6530838305582
1,1261.2484259411965
1,1262.8755022615057
1,1264.2908355430643
1,1265.1901397339784
1,1267.3476139031784
1,1267.9158983759796
1,1265.7715786802544
1,1264.1279594479959
1,1263.589669056635
1,1262.5270248238946
1,1262.2904745076287
1,1262.7490759464984
1,1262.2098383242947
1,1263.4683230076648
1,1264.063176645109
1,1265.7593910041996
1,1268.7306230795277
1,1267.9082929142578
1,1265.4102764259312
1,1264.9380663008437
1,1264.3438479955735
1,1263.9583150881945
1,1264.2260099690789
1,1264.4540113740711
1,1264.0252497789284
1,1265.7600572552874
1,1268.0189487315845
1,1271.0020566503135
1,1268.4801424813547
1,1266.032903747881
1,1265.3879946304696
1,1266.192812684284
1,1266.5928614186366
1,1266.2269458722483
1,1266.055869505357
1,1268.0142568692993
1,1271.827298074626
1,1267.5400802690021
1,1268.4822828975564
1,1268.6999165719656
1,1268.3233618200989
1,1268.9047407840824
1,1268.6522132426442
2,1305.4267289691463
2,1305.052138483103
2,1305.0290278779273
2,1304.4080927651
2,1304.5489319403307
2,1304.285455934127
2,1304.8700344353438
2,1305.337638489244
2,1302.0546364399706
2,1300.3539166401958
2,1298.7499927717038
2,1296.5253972466548
2,1297.719395088695
2,1296.18565772173
2,1296.3837077353262
2,1296.9720544797126
2,1297.6911836834772
2,1298.5898764769822
2,1297.9991145563476
2,1299.8203398872402
2,1299.1659875482717
2,1298.1824010130258
2,1295.4807676990638
2,1293.7675743993384
2,1292.331914720295
2,1291.6690019200878
2,1290.3602357048774
2,1290.0544419478192
2,1289.7756210097511
2,1289.5638482658683
2,1290.2551148876782
2,1291.9542848915155
2,1293.322427796377
2,1294.981054527439
2,1296.4625897024011
2,1298.2288826053898
2,1298.4890634754906
2,1294.1091069960967
2,1291.6535438700516
2,1289.7424449207097
2,1287.611451561794
2,1286.8603549961172
2,1284.1286696401435
2,1284.4793427292007
2,1284.040569375734
2,1284.4585141959728
2,1283.3971040850872
2,1284.2284322373735
2,1285.9147623965061
2,1287.306273181854
2,1288.0892252751087
2,1290.0813978600456
2,1292.6775742228608
2,1296.896875250506
2,1298.4572783594774
2,1293.547552693005
2,1289.3994177879051
2,1287.4909127661485
2,1284.9279099151227
2,1283.8227363207843
2,1281.5929070982854
2,1278.6407947726361
2,1277.4911189273357
2,1277.6883579194737
2,1277.9822986623178
2,1277.8682125633131
2,1279.2575772059433
2,1280.6405068361394
2,1282.103810691186
2,1283.268866176386
2,1286.0589476808295
2,1288.4425731254541
2,1292.904703642927
2,1297.2760000703668
2,1300.101229488045
2,1294.2468397712742
2,1289.079225553218
2,1285.568068526158
2,1282.5798042012098
2,1280.2372196146957
2,1277.5345919861347
2,1275.986675833201
2,1274.3864428993786
2,1272.4174753796196
2,1272.409194396369
2,1273.1634552277833
2,1272.5134615650707
2,1274.0437129902039
2,1276.0136704264512
2,1277.0864194856167
2,1279.2910125787923
2,1282.2200981696953
2,1284.6624570811175
2,1288.8244440004719
2,1292.990670833877
2,1297.8871689545877
2,1297.1391421576102
2,1291.636559496004
2,1285.77079804551
2,1282.5570682815717
2,1278.9524808454723
2,1275.7034568099623
2,1274.59865200316
2,1272.304847480163
2,1270.8541698120023
2,1270.2404162307043
2,1268.4652243122755
2,1268.8877997094194
2,1269.4984390437282
2,1270.0684420486737
2,1271.336319920853
2,1272.9551577890545
2,1274.7201519778773
2,1277.8135267797315
2,1281.888520753962
2,1286.3308266842546
2,1289.4937639288717
2,1296.338490926011
2,1302.429080446124
2,1295.3662694814207
2,1290.0018431567235
2,1285.0888856147533
2,1280.1391704083267
2,1276.5669055171309
2,1273.5520778614207
2,1271.2800931321333
2,1268.999002664174
2,1269.062089235046
2,1270.2171173742495
2,1273.2959045317793
2,1275.3468552049121
2,1279.1710403558943
2,1283.994100125556
2,1288.398141822045
2,1295.4818900962564
2,1299.9354591194394
2,1300.910111928382
2,1294.5597739538255
2,1287.8450843573482
2,1282.6542958199577
2,1277.0814855889068
2,1274.4719437091087
2,1271.726381034267
2,1270.6142532855997
2,1273.0951635519978
2,1276.510494668296
2,1281.9700168364557
2,1286.1566612826948
2,1292.7937989016177
2,1299.307627127124
2,1306.051245683066
2,1299.736271112501
2,1292.8198803658715
2,1286.3035908861116
2,1280.4312423514234
2,1276.4030586517965
2,1272.288142637322
2,1270.0963721306846
2,1268.9925423583152
2,1271.5773198788315
2,1274.7822900717977
2,1280.8671319514735
2,1285.3408123016297
2,1291.8533612397148
2,1297.6682652361449
2,1304.6246783910608
2,1304.5912640491222
2,1298.2301713866586
2,1291.290465548075
2,1284.3375305464556
2,1279.760906859465
2,1275.009245763629
2,1270.7503563735197
2,1270.3947873430257
2,1274.3386285956879
2,1278.3351719729906
2,1283.7110539028326
2,1291.24251685304
2,1296.370401569147
2,1304.7861913128381
2,1305.0597747001636
2,1296.3851828272805
2,1289.3874985291122
2,1283.9643732312757
2,1278.444165552705
2,1273.69849988253
2,1270.3690829479692
2,1269.894579385497
2,1273.086652398968
2,1277.95041699415
2,1282.4304391832034
2,1290.2994195038334
2,1296.6792861753959
2,1304.8582614053823
2,1305.2112391772569
2,1296.8823900110951
2,1290.1575680712294
2,1284.064098826517
2,1278.3317634307682
2,1272.3344048512663
2,1269.4239516282148
2,1269.4178644371157
2,1273.100942912727
2,1278.7051636382623
2,1284.5110702149454
2,1289.3388647397308
2,1296.6100296084983
2,1304.411906533176
2,1304.1035436206987
2,1296.6931094021388
2,1289.7799193120409
2,1285.3773986040376
2,1278.1405296888206
2,1272.7775632508424
2,1270.1887270368754
2,1269.5880441200657
2,1272.9895532570895
2,1278.546757677124
2,1284.2849522312727
2,1289.6794044540545
2,1296.581399055992
2,1304.683298908846
2,1304.188838753609
2,1297.4752462042693
2,1290.5100975614898
2,1283.6261504629208
2,1277.7882748596787
2,1273.5028769365945
2,1270.0339926334602
2,1270.401371660234
2,1274.1599781202663
2,1278.016403785301
2,1283.9349993283302
2,1290.4354960764422
2,1298.1114919244883
2,1304.8445614697484
2,1303.8858778980725
2,1297.3611439850868
2,1290.7956856768155
2,1284.2826438119955
2,1278.7945274388721
2,1274.048245880479
2,1270.7812786367774
2,1270.537644608805
2,1274.9626183629223
2,1279.1489287834836
2,1284.88061091262
2,1292.2390249006296
2,1297.549969896658
2,1305.5480862283923
2,1304.2242302594234
2,1298.2998282613898
2,1292.542510828247
2,1286.0924109980915
2,1280.9642075790075
2,1276.1730676788534
2,1272.9447325806493
2,1269.0973122174964
2,1269.0209912104583
2,1272.5567893209934
2,1277.1980097341607
2,1282.7027674264075
2,1287.6029559626884
2,1292.902197487695
2,1300.618125129209
2,1305.7391590175305
2,1299.75006921904
2,1293.699033458818
2,1287.6227231460964
2,1282.3251520717922
2,1276.7289655717457
2,1273.8813057817274
2,1271.6318155145807
2,1271.8508524327494
2,1275.1596813541291
2,1278.401956385298
2,1284.4535993373265
2,1287.9374767288882
2,1295.2411790856463
2,1301.2453073501092
2,1300.734206515564
2,1295.176552932055
2,1289.6214176371655
2,1285.322498226815
2,1280.6752371321008
2,1276.3394423244933
2,1272.6187848193206
2,1271.9190940660278
2,1269.7800006765967
2,1269.7366449687026
2,1272.7544069156975
2,1273.6748957345033
2,1277.5363545625166
2,1281.4974152986697
2,1286.1619608739902
2,1290.3823458940305
2,1296.838415308063
2,1303.2540054107826
2,1297.9211462365633
2,1291.4018307198537
2,1287.4500878166668
2,1282.4049617910505
2,1278.7835660841558
2,1276.4723954222532
2,1273.9524004381026
2,1272.7028539989835
2,1270.7433285828758
2,1270.919968507444
2,1270.4469358836454
2,1270.4992583172468
2,1271.135422978212
2,1271.4909627478426
2,1273.212364795598
2,1273.9475982663869
2,1276.3908152685171
2,1280.110231201273
2,1283.4566609099509
2,1287.8692370110819
2,1292.575082704272
2,1298.391192448136
2,1299.4810882396312
2,1293.7670632018555
2,1289.4018042427056
2,1285.8730454194642
2,1282.3703032682577
2,1280.9095242681815
2,1278.9580567198664
2,1276.621919006415
2,1275.028258951063
2,1274.3752991098909
2,1273.7709039667538
2,1273.7863855269209
2,1274.0403378282954
2,1275.052011530936
2,1277.1680069938066
2,1278.605503096094
2,1281.4663058835001
2,1283.7544148623188
2,1287.216862905788
2,1290.9787620030447
2,1296.673877416932
2,1300.6737223024752
2,1297.455764335465
2,1293.0888845029733
2,1290.2151388159969
2,1286.940159024939
2,1285.866368430741
2,1282.6987443933274
2,1281.3626962474088
2,1279.6341027689573
2,1279.503806020992
2,1279.2053207861532
2,1279.6196664003205
2,1278.946645024064
2,1280.2383344819568
2,1283.387267182558
2,1284.7075880829136
2,1285.2267149336467
2,1288.1001105822306
2,1291.004388022979
2,1295.9016894078738
2,1299.9013687691208
2,1298.2153229560888
2,1294.6151799067122
2,1290.6133121907435
2,1290.108078238575
2,1289.0929398482986
2,1288.2812539553581
2,1285.6588072266045
2,1284.8565063541605
2,1285.070373606394
2,1285.4730669939217
2,1285.4821667189549
2,1285.5852443572046
2,1287.5633185120612
2,1288.6327454941402
2,1291.1159419180517
2,1293.190834683079
2,1296.0068588559222
2,1300.6603043863909
2,1299.3241095998515
2,1297.1641541126926
2,1296.7799363656338
2,1295.0872685838372
2,1293.6218225581974
2,1292.4742369862843
2,1291.2407540862555
2,1291.6138604587925
2,1291.3280860337627
2,1291.2678992543124
2,1292.954557186715
2,1294.9566636400373
2,1295.508510012493
2,1296.6413205319536
2,1299.1678234448682
2,1300.8738941750896
2,1301.9667880246848
2,1300.4112049756939
2,1299.748009207884
2,1297.4578169611907
2,1298.572765876569
2,1297.817874139218
2,1298.1881119397
2,1300.2285667700096
2,1298.888484593744
2,1300.5786164924043
2,1301.6949633932495
2,1303.3592200247576
2,1306.2814884669745
2,1306.1749272964958
2,1305.442187965413
2,1305.8295377013642
2,1305.4568706775467
2,1306.7292364146174
2,1305.428948584019
2,1307.1802817744674
3,1289.5914271973006
3,1289.7754910717981
3,1307.333722232554
3,1308.1662785816534
3,1305.6414986356044
3,1306.8781898303052
3,1305.4013017483296
3,1308.4446078947524
3,1310.2490215280668
3,1302.6650525906161
3,1306.3462064807686
3,1304.5229506823473
3,1304.794396740268
3,1305.1780368733562
3,1317.4968614452116
3,1318.584557439894
3,1316.6711942611844
3,1317.5811008925364
3,1315.0115660319077
3,1317.0932746348087
3,1314.2612440869952
3,1318.2529661937838
3,1314.592325872315
3,1315.1074319264437
3,1315.5667619371382
3,1316.6066978878184
3,1314.8919113734783
3,1316.2630689041016
3,1316.7279138833078
3,1316.5128397357125
3,1313.5550071805192
3,1316.0300490153725
3,1322.6354653149933
3,1321.4062416737377
3,1321.8625102757471
3,1322.7279842280514
3,1322.1949480912033
3,1319.882977968028
3,1319.3295219042127
3,1320.6281544814628
3,1319.1775058900894
3,1318.6476161894789
3,1319.632619466884
3,1319.7398261280703
3,1319.5751753611698
3,1320.5218464401175
3,1319.5975978069175
3,1318.6675971060777
3,1319.7826936689141
3,1319.464694775015
3,1318.5023353369895
3,1318.9235964504135
3,1323.9588500619916
3,1325.4681199788251
3,1324.9851190640384
3,1324.7536197545924
3,1322.5688818762635
3,1321.170500017888
3,1321.6315428915946
3,1320.2829709472087
3,1318.3475865987696
3,1319.2409620619167
3,1319.6193906464725
3,1319.3385240705543
3,1319.6664352885614
3,1318.6940021359098
3,1318.2441329386686
3,1318.7832866857702
3,1319.905740481742
3,1319.3286718629904
3,1320.0277803912381
3,1319.7989504680697
3,1321.6544838188415
3,1322.3225797913688
3,1321.6851292806755
3,1321.9721261618604
3,1325.3146569894343
3,1325.5568085366594
3,1325.1709617219724
3,1324.1743042680248
3,1324.1678572708397
3,1321.1665046718829
3,1319.4475808928482
3,1318.6819861254098
3,1318.5575730219095
3,1316.8046054905753
3,1315.4147245240122
3,1316.2706486689083
3,1316.3215214049478
3,1316.2085852425416
3,1316.4495859713536
3,1315.5365722742965
3,1315.839640228435
3,1317.3188367517603
3,1317.8326885428012
3,1317.0756804598063
3,1319.0545655751835
3,1320.6236636683361
3,1321.5006562429276
3,1321.6148116959491
3,1319.9759608476063
3,1322.0527643362907
3,1326.8823208335755
3,1325.609197344475
3,1325.5254060961602
3,1322.0605043922085
3,1319.8315554338567
3,1318.9298942212438
3,1315.653962760883
3,1314.8508165417759
3,1315.4986125971
3,1314.2281693088871
3,1311.9512917072716
3,1311.779636611913
3,1310.253715758053
3,1311.486407504512
3,1310.89230120742
3,1309.9340546893595
3,1310.4649497060561
3,1310.8306579184618
3,1313.6886028059923
3,1312.8981166414364
3,1312.9670794409437
3,1315.0508812158437
3,1315.9442717613188
3,1316.6361679321328
3,1319.1525987814152
3,1320.1810589332729
3,1321.8083697236498
3,1324.1430979597876
3,1325.6824615294702
3,1324.5790689339676
3,1323.064008380082
3,1321.1850354473318
3,1318.8776003520509
3,1316.0474265950593
3,1313.2746668026257
3,1311.1228603546306
3,1309.5886416011122
3,1308.3202129038998
3,1306.8406712702783
3,1305.7169725862339
3,1307.3954079957614
3,1308.353849818499
3,1309.357375761478
3,1311.778843255532
3,1313.5621506732034
3,1316.5871663648047
3,1316.9179387833374
3,1319.8705796318911
3,1320.9176354293754
3,1322.8604975415155
3,1326.3722176658484
3,1324.5103779604574
3,1323.684945535424
3,1321.631746523571
3,1316.7908721350013
3,1313.9473821231838
3,1311.1817365980116
3,1307.126628084817
3,1304.6145111642018
3,1303.1120931684804
3,1301.380534755706
3,1303.4608070562235
3,1306.543682433916
3,1308.5987424247176
3,1311.390993061851
3,1313.7278705929166
3,1318.3365438493825
3,1320.2501987892115
3,1321.4609457216204
3,1323.015445336795
3,1324.2893978513434
3,1325.714888247982
3,1322.2868983854398
3,1319.1193828843404
3,1314.3664358562862
3,1309.2418810650036
3,1305.96741333824
3,1302.2945370273467
3,1300.4377136774792
3,1304.6215256785283
3,1308.9822576995095
3,1311.9863729117017
3,1316.8352257609033
3,1319.222059539154
3,1321.6702512664974
3,1322.5053982214522
3,1321.4705569158484
3,1324.5798305272017
3,1323.2051044544219
3,1319.789018671543
3,1316.0036248658937
3,1309.833864599809
3,1306.749375180781
3,1302.7609608311855
3,1302.0069301750266
3,1303.9776582746388
3,1308.3809036320092
3,1312.4136727924204
3,1317.514409580878
3,1320.809760429038
3,1321.9431662963202
3,1320.726178493487
3,1319.1513390901084
3,1322.1522445744915
3,1324.4043426680914
3,1323.4547901272276
3,1318.832802348798
3,1313.9599754679748
3,1308.680669750027
3,1301.9901586702313
3,1301.2697943370288
3,1304.9678668251215
3,1311.3639948962743
3,1316.6466503991142
3,1321.0842829141284
3,1321.4636869808141
3,1319.837854476124
3,1316.0080770093246
3,1319.4183646706042
3,1322.6394653798077
3,1322.7794655733915
3,1320.4591531450635
3,1316.2980159757774
3,1312.1642772870277
3,1305.7792792925227
3,1303.3053512282545
3,1309.5585936696937
3,1314.692809393293
3,1319.1447981908925
3,1321.3920811512044
3,1320.958957573445
3,1316.372250290627
3,1319.3577936145746
3,1322.401456214345
3,1322.8807383098062
3,1320.4974810283568
3,1315.3962590998894
3,1308.865713112927
3,1303.018103026082
3,1300.8680403722726
3,1307.6306249044408
3,1312.6627441283783
3,1317.6730482176094
3,1321.4634701283817
3,1319.4687096838372
3,1315.756387420631
3,1308.018708697047
3,1318.5918915514226
3,1323.1402375008465
3,1321.1159123326943
3,1319.216981687858
3,1314.740392425816
3,1309.029232082249
3,1306.993621145868
3,1313.438460218426
3,1317.6334654799587
3,1319.6177014090056
3,1317.8934824983899
3,1315.9166933891345
3,1309.1719590917462
3,1312.16762137123
3,1319.8471971761528
3,1320.6646842446153
3,1320.760858966198
3,1318.8445656489396
3,1315.2264788428656
3,1306.7352362681045
3,1305.100721041512
3,1313.2097128704177
3,1317.0243766471597
3,1318.9099357677123
3,1320.6776752289622
3,1318.4310326906373
3,1313.2799229351403
3,1310.5818795578637
3,1318.2842505045037
3,1321.3790914594895
3,1320.747334963928
3,1317.3703305191752
3,1312.5618178470463
3,1311.0143867736335
3,1315.5565673465753
3,1319.2939215521644
3,1318.4970966805058
3,1318.4470114652395
3,1313.2278935696506
3,1309.966468940322
3,1319.1799287547126
3,1321.2215942414136
3,1319.8540150871333
3,1317.3494002261375
3,1311.0528682997297
3,1310.8824381410777
3,1315.721794065141
3,1318.91620354178
3,1320.0144112523033
3,1316.5784114068924
3,1309.356575402458
3,1306.6064015431173
3,1316.964050566197
3,1321.2932178471895
3,1320.1187565340845
3,1318.0062031435891
3,1311.6266645080127
3,1309.7139842182935
3,1315.3128075845666
3,1319.119189168208
3,1320.51848524269
3,1317.0324869986464
3,1306.1383220092384
3,1291.9440771910158
3,1307.9723082372964
3,1315.931641620998
3,1321.9291905948194
3,1321.4915017636895
3,1316.983615193191
3,1311.9270218870108
3,1310.199849925013
3,1316.7446237318547
3,1320.8466760374135
3,1319.3979220262042
3,1317.2865274057115
3,1310.8647966354147
3,1296.124706969189
3,1295.5437661540352
3,1310.648354886958
3,1317.6436359284833
3,1320.7310268792125
3,1320.0851695305114
3,1317.0559657958866
3,1311.1033997204645
3,1311.5720194820715
3,1316.6886731344348
3,1320.2985515327082
3,1319.7473437139843
3,1316.873179417643
3,1310.977458127956
3,1295.336968737487
3,1307.941376850645
3,1317.3690990897783
3,1321.2289428452646
3,1320.145876396097
3,1316.7332690886212
3,1310.7245415525963
3,1312.0024056901896
3,1316.6159869425303
3,1319.59428394637
3,1321.1295961734409
3,1317.1538742155096
3,1308.1791115800395
3,1308.4240533190964
3,1315.3616544481251
3,1321.7110102402357
3,1319.2110673618795
3,1316.3903660952299
3,1309.9347367513024
3,1311.3872308657578
3,1316.010689775876
3,1320.3419209578622
3,1319.2771674258527
3,1318.2328551359662
3,1307.472292339031
3,1309.2325360055327
3,1317.4970431311206
3,1320.7834671005974
3,1320.1344346803014
3,1318.1315352361314
3,1313.2979573028756
3,1312.8820226624823
3,1318.0081884715974
3,1320.3945781351326
3,1322.5277721974917
3,1317.5481584333727
3,1310.4628719176562
3,1310.3734292629201
3,1317.0074384857567
3,1321.1060864751332
3,1320.7377983215829
3,1318.2804962041646
3,1314.453176688792
3,1305.818559444918
3,1309.1007378786646
3,1316.2562219660022
3,1319.5890850027465
3,1322.6617294088128
3,1320.953781797482
3,1318.7531411502925
3,1308.6883726226483
3,1308.593227825095
3,1318.5668833674958
3,1321.2213341565928
3,1321.3135587167712
3,1318.8618213706272
3,1313.7745218090197
3,1308.2700729763042
3,1309.068484321964
3,1316.2735739989243
3,1320.404052748174
3,1321.9326925325322
3,1322.4245320288996
3,1320.4746085365307
3,1308.917550059717
3,1319.3579259702014
3,1321.4260820840427
3,1322.3863077264398
3,1319.2980752080375
3,1314.899849541111
3,1308.7402709320397
3,1302.3962350083361
3,1303.9332516502848
3,1310.6719187563608
3,1315.5190793560266
3,1320.5277587767491
3,1324.5409120490294
3,1321.1517277042274
3,1318.8393707928758
3,1319.0247947197945
3,1322.7770473033158
3,1321.4040517040978
3,1320.9228419504016
3,1316.331055704679
3,1311.1039625823569
3,1304.6071538686165
3,1307.2352591317003
3,1313.2626123202504
3,1318.2611806269942
3,1322.8453627822607
3,1324.4190447297174
3,1324.2370082506122
3,1319.2864847118733
3,1316.5983873499813
3,1322.44103470677
3,1323.710578145738
3,1322.7704897508597
3,1318.5447673522865
3,1313.4872392392865
3,1306.6402122455067
3,1302.0059156116856
3,1303.3072146922484
3,1309.5342082864051
3,1316.1413706350893
3,1320.7428025761512
3,1324.7025034187973
3,1326.0249455640153
3,1324.621376334124
3,1318.938142860621
3,1322.4975082920844
3,1323.7380317337525
3,1323.0142689265751
3,1319.4367536659638
3,1315.0685328695965
3,1309.2635772068243
3,1305.869827252139
3,1302.4236072370463
3,1305.7320359057214
3,1307.9851516559104
3,1312.762304693507
3,1317.4130482051976
3,1322.7961178749767
3,1325.8954276908
3,1326.3671996516969
3,1325.2481735470978
3,1323.9741999155137
3,1322.0694470009191
3,1320.510343288057
3,1318.1622961859584
3,1313.4188196504267
3,1309.122465713657
3,1305.7287010020127
3,1302.2789190017663
3,1304.3553315074416
3,1308.6782720436645
3,1311.9245720816953
3,1315.8251315202642
3,1321.0261260438488
3,1324.3297354199979
3,1328.14140536842
3,1327.6982493830405
3,1322.9705645103522
3,1323.8842481405582
3,1322.5496537819172
3,1319.8484688681815
3,1317.0764845907727
3,1313.4570972696738
3,1310.8076143188146
3,1307.5578025242917
3,1303.960967925886
3,1302.8825501855895
3,1303.9625335324802
3,1307.854651930889
3,1311.1468788179259
3,1312.3160861729077
3,1316.8515671099024
3,1319.14360149494
3,1323.3034869359606
3,1325.7550886180113
3,1327.1324388913058
3,1328.1230294528248
3,1323.4609256652054
3,1322.7692659162024
3,1321.9556429920372
3,1320.2503417412033
3,1317.68339871694
3,1314.0344728366165
3,1313.3423516023347
3,1310.785024786938
3,1309.0120945798747
3,1308.5899106490422
3,1306.7707957641371
3,1308.8342917420537
3,1309.9334488543354
3,1311.2908651379
3,1313.5687443750849
3,1316.6616380635176
3,1317.5513728719668
3,1321.2800101947523
3,1323.3982330357057
3,1325.7082958399435
3,1328.2408372957261
3,1328.890025124889
3,1326.613283452803
3,1322.2858775978443
3,1321.180162123957
3,1320.8628333630888
3,1319.1397321119177
3,1317.2239792859714
3,1316.3127736495073
3,1315.5524410948249
3,1314.3726639602492
3,1314.5399707644353
3,1313.119281871173
3,1312.0014190270704
3,1311.1064312399524
3,1311.938318807018
3,1312.4057498792145
3,1312.9482493242451
3,1312.120060582692
3,1312.5576455554503
3,1316.7073854842122
3,1315.8096822888158
3,1316.462705192392
3,1319.5194812710242
3,1322.2612313523584
3,1323.3125443458223
3,1324.406146125876
3,1325.5330006126942
3,1328.5260164111364
3,1330.5628786298826
3,1324.3803815792046
3,1322.5831021287727
3,1323.320188917222
3,1322.3620650313658
3,1321.8982775824998
3,1320.2183491175363
3,1318.7380315197638
3,1316.6327809366812
3,1318.3311563860834
3,1317.800972980062
3,1316.7917476822283
3,1317.4637525964752
3,1317.8847349600128
3,1318.0689602887821
3,1317.1403366077425
3,1318.3485401357261
3,1318.4762211157251
3,1320.6061500123858
3,1320.3697499852963
3,1321.4805024321379
3,1322.5464982684286
3,1323.3759399175924
3,1326.391731263835
3,1326.6069787387378
3,1328.7183554237363
3,1327.805520379029
3,1323.9178282328305
3,1322.3094082189818
3,1323.354211513733
3,1322.8357975044432
3,1322.2671495877498
3,1320.6248712531692
3,1320.1921651280468
3,1320.7810045440763
3,1320.923290673484
3,1320.3991490410053
3,1320.0004558407168
3,1319.990883266935
3,1319.706921790696
3,1319.9265773074576
3,1321.372662870626
3,1321.8742095842194
3,1321.5008127245667
3,1321.4522916665135
3,1322.4984219532523
3,1324.5932760899027
3,1326.2061183899298
3,1327.1484965537954
3,1326.9024292336665
3,1326.9595149387255
3,1320.2357662505922
3,1319.5086647540736
3,1320.3143679750256
3,1321.6283263250102
3,1322.4222005416987
3,1320.1485906308235
3,1320.4207853407374
3,1320.2819738072396
3,1320.3959434920341
3,1320.6291174285122
3,1319.3313509854534
3,1320.3780067114756
3,1320.6044053530436
3,1322.8796779551637
3,1320.945181157487
3,1323.0422405277918
3,1322.037750393597
3,1321.8358194986677
3,1324.3843148420503
3,1324.2082611334283
3,1314.3195478944667
3,1313.4876146360514
3,1317.456024137731
3,1316.2629117908311
3,1316.4560062737135
3,1316.2145851193075
3,1315.8306148173615
3,1316.2398008631756
3,1316.226723497322
3,1317.5295056347177
3,1316.8784925570442
3,1317.8106939418112
3,1318.2649107514576
3,1318.1598644585533
3,1318.9210406516352
3,1318.935742848499
3,1317.2221653638708
3,1317.3553045606022
3,1309.840075314664
3,1309.6792335841212
3,1308.2458737190498
3,1307.4710169799168
3,1310.2827483652004
3,1305.642742576292
3,1308.8908937246038
3,1311.0174980889792
3,1309.3188534576989
3,1310.4754433116007
3,1311.1337813969362
3,1309.1466614286255
3,1289.897565862221
3,1289.9770485559004
4,1185.3816782748777
4,1223.8816668452466
4,1181.6681257720368
4,1099.3520097134967
4,1136.820864859668
4,1264.6320184857684
4,1150.302237923948
4,1168.825197266558
4,1097.0599804223364
4,1275.0381827376189
4,1214.6468945413203
4,1152.086700878097
4,1122.3731392570485
4,1154.80510622491
4,1185.957404011377
4,1302.6262966099657
4,1169.1342506129463
4,1080.4298114829792
4,1185.0278391314184
4,1227.8922221053363
4,1159.9216258460103
4,1112.3984828910175
4,1093.384170913435
4,1147.9149646573926
4,1132.170824424272
4,1156.6133435431675
4,1215.6014421462808
4,1202.495331510585
4,1237.963274826187
4,1237.4837604206573
4,1235.183547138987
4,1217.1951297496987
4,1219.6423471335547
4,1246.744944515031
4,1251.439695525432
4,1232.3428394539446
4,1210.1387086376628
4,1236.9848688276886
4,1245.2691967554401
4,1236.977060622968
4,1215.879218362169
4,1213.9924318493513
4,1231.9239519914738
4,1234.021980576262
4,1221.3216575329554
4,1210.0397549385664
4,1224.1159644327622
4,1244.518162856793
4,1251.8947314361494
4,1198.2350173553148
4,1205.986041054931
4,1222.698023194343
4,1227.6167718341144
4,1207.8578271865945
4,1188.3255504575166
4,1181.0188912038807
4,1241.9454256742106
4,1249.7681013351141
4,1252.2343394012732
4,1270.3951013975782
4,1273.5638833912378
4,1273.0367483241732
4,1262.9083914503904
4,1266.8072447492743
4,1279.8136218625211
4,1276.0358553655321
4,1276.2114161674842
4,1266.3528001523787
4,1269.9462984701233
4,1268.3651149314453
4,1263.680483714938
4,1253.245411592021
4,1272.4132318975226
4,1267.1397060465683
4,1270.2900767022854
4,1266.802935586161
4,1265.7820515380042
4,1263.9937138183598
4,1268.27156436241
4,1275.0787590925954
4,1259.3321591815327
4,1251.2962292037596
4,1256.2793067446141
4,1261.9412238605119
4,1258.7690983582806
4,1241.5147666971486
4,1240.4313282623648
4,1238.902839333852
4,1261.5914879903798
4,1269.390766670106
4,1275.3690376759944
4,1283.2669531974082
4,1293.5872641805654
4,1293.411766359503
4,1296.699636255186
4,1291.3324528608537
4,1293.32206514959
4,1294.172357464202
4,1294.3281227915481
4,1291.317213628652
4,1292.6357836899829
4,1295.5724293532157
4,1294.556738786638
4,1288.9911932239308
4,1291.2909882684812
4,1294.8370120470338
4,1291.7441024630257
4,1290.0686210162828
4,1294.33283579754
4,1296.365001349496
4,1289.9827572769354
4,1288.7267304101185
4,1286.9467829503278
4,1287.5857999880745
4,1284.306356727171
4,1281.9355025497812
4,1271.1338172920412
4,1264.514358483608
4,1260.6149795122376
4,1252.9328219318868
4,1267.9812740821915
4,1277.5887445839373
4,1288.2664817456982
4,1296.637384441229
4,1301.5756458475864
4,1303.8761102110486
4,1303.7171176652841
4,1307.754096714327
4,1311.9294677475336
4,1309.7633193609392
4,1306.8445172614136
4,1310.6639158880869
4,1305.427377577837
4,1302.8470850131348
4,1305.842673666546
4,1307.5952347679097
4,1300.848165815293
4,1300.0889640955083
4,1298.885255231087
4,1292.7693840726497
4,1291.0559635478824
4,1280.9076930548965
4,1272.4608073964648
4,1258.660745532995
4,1263.5555991052067
4,1281.4085075578917
4,1294.1966196370406
4,1303.4002882755865
4,1308.9092079815557
4,1311.5690549760607
4,1316.7091459926276
4,1317.4366858266326
4,1318.8745750306732
4,1319.64992668857
4,1314.1623032250793
4,1313.4782246554432
4,1310.642507778858
4,1308.5308968116583
4,1308.1695447467825
4,1301.7152150038403
4,1297.6768986765283
4,1290.304223382512
4,1278.6291828797293
4,1262.4091437357501
4,1259.0433968373502
4,1275.713467180727
4,1293.5035231247575
4,1301.594895630967
4,1310.4816876992268
4,1316.3221795281397
4,1319.364438280262
4,1322.9964368924416
4,1322.8002158104332
4,1322.4323923677107
4,1316.8179811319692
4,1315.709340789195
4,1317.8340622369105
4,1314.7688018165536
4,1310.8902662810167
4,1304.9161351339792
4,1298.3408858235114
4,1287.7031920355223
4,1276.7978384379014
4,1257.5150004790905
4,1244.058539267149
4,1271.5940224419694
4,1290.2982873175165
4,1300.6913011227732
4,1312.2595226540745
4,1317.2595989913152
4,1320.3836836025878
4,1323.6593224647966
4,1325.0150823728152
4,1320.3758400792847
4,1317.9020266468801
4,1316.8004362141241
4,1311.6333785645777
4,1305.3747557025138
4,1298.6910467085645
4,1285.3917809056866
4,1267.463732540924
4,1244.9696607571398
4,1206.3714501565396
4,1248.3004805537175
4,1274.976338712329
4,1298.229477064785
4,1307.487220222059
4,1315.0335224498315
4,1321.3829547692342
4,1325.8240712550917
4,1326.9386711092645
4,1321.6698105529845
4,1320.4704079891796
4,1317.3960853391993
4,1312.261033611682
4,1305.3270828888076
4,1292.131542271068
4,1277.037660540735
4,1251.4298718116968
4,1201.3005804428262
4,1198.6095154026275
4,1251.3597343161898
4,1279.2220506694903
4,1300.0890189960305
4,1310.514562867312
4,1319.8148038814988
4,1322.9073248341015
4,1326.5544932371865
4,1322.2266755208811
4,1318.6065557629477
4,1314.0277729942616
4,1308.5064936193223
4,1296.096021185484
4,1283.954809700196
4,1251.1341982841175
4,1209.789788033878
4,1153.0648500354716
4,1224.4609920323508
4,1264.0079459717163
4,1287.0902720437466
4,1301.8626793889898
4,1314.6373669533343
4,1320.0367577319164
4,1325.147776594292
4,1320.9659409601745
4,1318.4806531874726
4,1313.1459905642275
4,1301.405780812741
4,1280.3450305498066
4,1265.5705277790908
4,1244.2564299209137
4,1182.6321698154316
4,1183.428591321277
4,1218.1724604781732
4,1266.0316555539707
4,1285.7195016843807
4,1304.330411541129
4,1316.6774574161734
4,1321.4174059876948
4,1319.8303501398332
4,1312.5909583362293
4,1300.643898462016
4,1291.7720018417865
4,1270.9190905695507
4,1238.2497062345944
4,1237.8143243471932
4,1136.6260066177153
4,1219.650184792835
4,1266.863973471169
4,1287.2890134517797
4,1305.3145290673203
4,1316.2577851394092
4,1323.449350882428
4,1318.8112224375382
4,1314.3757527792263
4,1305.336652528932
4,1289.4311925689294
4,1270.7874047442456
4,1232.6791042509644
4,1268.302951301647
4,1078.016580933966
4,1201.2425701116558
4,1261.255992783317
4,1285.3221220704452
4,1307.2628119462524
4,1318.3196321293326
4,1312.8100321167121
4,1310.252995436386
4,1293.3379632766403
4,1266.1421429291574
4,1212.2929456436782
4,1093.4233678893852
4,1116.67438545413
4,1213.8554135031725
4,1262.8439976276156
4,1291.050860293989
4,1306.9336388522242
4,1308.8117466626816
4,1292.7046214999516
4,1270.0884880938945
4,1207.4641690694477
4,1118.2374047663952
4,1123.317292719818
4,1225.3283282795628
4,1262.5185420977075
4,1296.0174083105926
4,1309.4133157882427
4,1304.9409728219944
4,1295.0510300254145
4,1271.5272534570568
4,1249.7736493836187
4,1148.2454217583486
4,1264.966141179271
4,1249.804250149526
4,1269.2838270431293
4,1296.4755542348125
4,1311.11165604914
4,1308.3570773122194
4,1294.5444934574668
4,1271.4526616864869
4,1238.8251476077667
4,1199.9218927992572
4,1182.194926885916
4,1231.7802680458362
4,1269.5843265345536
4,1294.0100077970267
4,1296.7933385772565
4,1271.2902500778198
4,1242.115967348792
4,1121.516526271605
4,1094.2228833104377
4,1208.2424347222159
4,1264.3206287807504
4,1295.900824197762
4,1292.978517458636
4,1269.6264066377455
4,1203.9163530021965
4,1083.2446842649508
4,1184.700028583342
4,1227.5059287026713
4,1275.7262105867544
4,1296.670233693623
4,1298.6151049112175
4,1272.9321127731873
4,1232.3067891462538
4,1168.4065367247326
4,1179.587839560573
4,1240.1811837663886
4,1272.0746572929318
4,1296.8270441838067
4,1299.1393556221585
4,1278.3808352289218
4,1259.3041829225697
4,1197.7912193179548
4,1136.9110821044994
4,1257.9004041965297
4,1273.8700592648736
4,1294.3527280448454
4,1296.2526087095873
4,1286.5216684583133
4,1253.38682542675
4,1233.2143114259334
4,1110.8254442525856
4,1229.07281153977
4,1266.487542647202
4,1265.1621256187398
4,1221.66190395318
4,1097.0381043737223
4,1118.2837434278574
4,1221.9695376797579
4,1263.3947549159534
4,1263.430509896396
4,1227.4164368839804
4,1099.5186602481376
4,1189.8361520187482
4,1248.072391725317
4,1275.0004878342154
4,1296.9903508915531
4,1292.4636104534236
4,1273.4394227536604
4,1244.7173382529224
4,1175.2158112569161
4,1179.5224063328665
4,1251.938049082453
4,1273.1983544723885
4,1294.6586280931972
4,1293.1001892512013
4,1278.942197197211
4,1232.4740793429519
4,1222.0414551756392
4,1171.1511002665782
4,1234.9504851615845
4,1265.9311171254435
4,1289.5079157258772
4,1298.5614880042122
4,1274.7576244545296
4,1233.4829977864601
4,1208.9676658986637
4,1100.8616746077694
4,1223.8624943143452
4,1271.154984719968
4,1294.502587622914
4,1294.9486231544226
4,1261.8782070240743
4,1217.0471210603537
4,1084.5206323832026
4,1159.854547982095
4,1228.5548065047626
4,1264.2821047266557
4,1293.7215866314511
4,1293.8810270889653
4,1266.5375359707853
4,1238.1184977657526
4,1193.8447384806202
4,1197.6213777912822
4,1232.8850286254249
4,1271.372802248969
4,1293.9155815068602
4,1308.2662111060474
4,1311.163395161629
4,1298.7066122494584
4,1279.3370592921017
4,1233.3482810804414
4,1251.522821996156
4,1237.4087610327756
4,1233.4825768181504
4,1266.16051894288
4,1291.5205756708478
4,1305.1097284955606
4,1312.0241490147012
4,1295.054102446605
4,1267.2404725690346
4,1256.9085031518443
4,1166.315037818437
4,1136.2400938112619
4,1227.0036506212507
4,1263.7165403032964
4,1285.4454574168178
4,1305.7586941873178
4,1308.4063000885083
4,1294.8760999466394
4,1266.2545273905205
4,1216.9938391681405
4,1137.5926165385122
4,1070.9032628971893
4,1211.4750207339575
4,1257.2913287623317
4,1284.0888019943227
4,1307.8252926052523
4,1315.125335394628
4,1320.0290368768692
4,1311.2759535090397
4,1289.4890379258686
4,1262.7647251141186
4,1220.8775441413538
4,1081.8428059061494
4,1218.3338999804719
4,1218.882784529524
4,1262.4888134254595
4,1286.1764734480212
4,1303.88777594092
4,1315.1086618979084
4,1321.6230218433843
4,1327.5037478562044
4,1319.0749013713412
4,1309.2177602684778
4,1291.181102382275
4,1274.732632888528
4,1218.501062877814
4,1170.7501723586174
4,1175.396996034759
4,1219.3418018433338
4,1254.7408494027407
4,1285.9330621627425
4,1301.4074421375446
4,1312.3850627588727
4,1320.2619538189376
4,1326.8437642365554
4,1318.302727883442
4,1305.581176453807
4,1294.5828862432907
4,1274.206909812852
4,1229.650856417369
4,1230.2017329215105
4,1123.5211985502071
4,1223.3669590041509
4,1253.359796678871
4,1283.281863905326
4,1298.854175759605
4,1311.3834436698005
4,1318.6041909866174
4,1322.9016977203876
4,1327.7275892409134
4,1325.900534678923
4,1316.7586927273333
4,1308.2792473969137
4,1287.5734749022163
4,1272.6232265427498
4,1244.4826609251113
4,1177.2158541357412
4,1181.869299642968
4,1243.0975624775954
4,1274.5081579698867
4,1292.4220245167573
4,1309.0337691136885
4,1318.259381012009
4,1319.1528823618444
4,1325.6051907308395
4,1328.4412324429961
4,1326.2733201419733
4,1324.606402528105
4,1317.2834803956619
4,1304.8693488875908
4,1288.7442318306566
4,1262.806753970801
4,1220.143654664116
4,1182.0262568210626
4,1237.6056563312459
4,1272.743559738036
4,1291.4664641204415
4,1307.7119419643623
4,1312.1348248397762
4,1320.125624088903
4,1321.9388297087112
4,1324.6148895080773
4,1329.4518905001196
4,1327.840326113408
4,1326.3199508019716
4,1322.2457072272186
4,1314.18197070739
4,1300.8125957406655
4,1284.5601802710307
4,1257.13924500595
4,1225.0890139589967
4,1238.2639896102696
4,1264.69047393569
4,1282.917030261122
4,1301.7822835758916
4,1307.3810536191534
4,1314.5854735400287
4,1318.3991559811093
4,1319.5789554703647
4,1322.3685779024775
4,1326.6469309694637
4,1327.5319346669453
4,1325.3628100498172
4,1322.0556666697175
4,1316.0041421680571
4,1308.8162292593875
4,1297.540739452956
4,1284.4500632120553
4,1267.4014152347108
4,1255.9290586354862
4,1276.054252809643
4,1289.6576646547185
4,1299.478183943456
4,1309.116917416116
4,1312.4134832499935
4,1315.1063972008862
4,1319.627731995812
4,1319.8492674207469
4,1320.7652926705198
4,1324.7974189792512
4,1323.9920106963136
4,1325.4790641331824
4,1322.36512409887
4,1320.7495192441704
4,1317.2116827914422
4,1309.9718804907818
4,1302.1022209306873
4,1289.1400301539625
4,1275.8229616718318
4,1266.9230614905557
4,1277.038196023325
4,1287.4187780522443
4,1299.4073063982123
4,1305.7243662671754
4,1308.5418895359596
4,1312.5389856553231
4,1313.9002816368675
4,1313.1864582556345
4,1315.30412189293
4,1321.2755599904194
4,1319.5348953587788
4,1317.3105438886469
4,1318.437879986436
4,1316.3227365738667
4,1311.4495017064723
4,1309.6955208880872
4,1303.1361442797654
4,1293.5825713879483
4,1280.7747133867222
4,1263.570188537674
4,1275.067111077981
4,1285.8594938319443
4,1293.2048725717455
4,1295.9954834721004
4,1299.4222537881274
4,1300.9759715385458
4,1302.8968119361923
4,1305.9492797817745
4,1307.4335086273745
4,1306.4918367655273
4,1305.984808446898
4,1307.680376882666
4,1308.5181246579723
4,1308.700353980542
4,1310.385922523485
4,1308.3776496914552
4,1305.3674974481314
4,1307.4674794394627
4,1305.7613705361898
4,1302.6403007772174
4,1298.4013398016837
4,1285.9374765514065
4,1277.9684575724891
4,1254.5574771500262
4,1266.6691457457746
4,1275.002271685529
4,1280.1140831905395
4,1286.3724008456293
4,1286.6627191030645
4,1289.8557727571904
4,1286.7535292486737
4,1285.533795140816
4,1289.9958561519516
4,1294.3277204877127
4,1291.5711436981085
4,1290.4342904930102
4,1289.413311065704
4,1296.9787661053715
4,1293.1892117008317
4,1292.9443015371135
4,1293.3038507781678
4,1297.8144127900177
4,1295.1602915007963
4,1292.6715696054669
4,1292.8961186033628
4,1295.0816520675126
4,1289.3706128330691
4,1288.1336687870082
4,1291.1283214613131
4,1290.6666109737364
4,1283.784208618595
4,1288.171819977583
4,1283.8653163581907
4,1282.206707748274
4,1272.9444903309384
4,1237.8490171084202
4,1243.0385982056666
4,1242.397512057082
4,1257.315757936375
4,1264.6419698289542
4,1261.0065780825212
4,1255.9780012031001
4,1256.5881052041236
4,1269.0439736396875
4,1261.3314556691628
4,1262.7069878463485
4,1259.134118568203
4,1269.012596036788
4,1277.6665278353644
4,1268.9829245767417
4,1266.5605290532524
4,1266.3501345939535
4,1278.1744466040168
4,1274.360812660478
4,1272.550123162952
4,1261.6126756386886
4,1262.854299271879
4,1266.5253762415584
4,1271.6908966780684
4,1261.7418086574196
4,1260.29835817333
4,1270.8359227171095
4,1268.1172604628289
4,1264.8381248568737
4,1258.627728521676
4,1257.3335364573768
4,1258.7223694765394
4,1198.1420639444805
4,1180.0324637583335
4,1235.086026178805
4,1225.3461643742016
4,1220.2299505733647
4,1205.4834491508657
4,1212.4399068277328
4,1234.6718839851665
4,1237.0020624746169
4,1223.3842108875203
4,1209.5593350735917
4,1223.7778649663799
4,1263.6627256236466
4,1227.846834352358
4,1225.697311414028
4,1211.0429102335183
4,1229.6905030315136
4,1241.1521697751737
4,1229.8971801343569
4,1208.4486655320134
4,1221.0970988746164
4,1242.3706065557603
4,1231.8204058760864
4,1219.089043180343
4,1206.8935140798108
4,1230.4749241246975
4,1239.297166447899
4,1231.5806392804589
4,1208.2184753618717
4,1214.0266132482072
4,1178.244144390738
4,1197.588653114898
4,1146.4703418492356
4,1111.6604890265492
4,1138.8840844978479
4,1202.2606329818577
4,1169.4318842675316
4,1137.147034135341
4,1091.6492738400539
4,1192.9372063492392
4,1133.1752002447377
4,1173.10995821767
4,1104.382006402367
4,1126.9001110772679
4,1154.6030099688835
4,1211.3451475812026
4,1202.1713543803098
4,1085.639285124301
4,1137.4732843106074
4,1145.3585492764437
4,1222.2223679274293
4,1117.9429426497566
4,1082.9575307675384
4,1197.1265842648993
4,1247.8658469644868
4,1180.7094798124592
5,900.3322777911027
5,1077.8735383091273
5,1091.6231390228695
5,1056.2715677815297
5,1028.4229117857806
5,1124.0676223581036
5,1146.9301026558896
5,1136.9567389421438
5,1140.1622065326376
5,1076.3384870705702
5,1077.3946240461157
5,1124.5362904830708
5,1164.6725685927422
5,1111.2905481763987
5,1198.9377264184693
5,1008.0023263126247
5,1049.7454881862175
5,1083.645372436063
5,1037.4718449811937
5,881.06296844493
5,1070.4188707516191
5,1109.8030117495182
5,1142.919256791917
5,1141.188713014958
5,1136.4343616977148
5,1177.2381414683632
5,1208.2868598418352
5,1206.7054240961818
5,1194.582949609618
5,1190.1855283388084
5,1163.9425956608122
5,1121.6829623112071
5,1120.0986250603491
5,1130.8349862017494
5,1107.8039907787763
5,1020.4985980205445
5,1057.8293808163357
5,1131.9996214572407
5,1165.2370684300602
5,1186.9758072879308
5,1202.258334807512
5,1220.9750839938383
5,1236.7883165453206
5,1230.3552790295428
5,1204.385861180719
5,1191.9015222278178
5,1172.281845957951
5,1172.5688110663195
5,1123.8830759592222
5,1097.2079486558598
5,1101.9611799488741
5,1134.9888605423935
5,1179.663337387545
5,1208.1364060723538
5,1231.027637212638
5,1244.1563707928087
5,1240.0106769028437
5,1222.903862837023
5,1200.405251409424
5,1169.4591508172346
5,1142.342269587959
5,1094.765511132464
5,1031.6649484373722
5,1150.90335983588
5,1192.9242134862277
5,1231.1159300218524
5,1254.9712408320088
5,1246.6587385551534
5,1221.3311940487836
5,1200.039580964204
5,1135.9965320406086
5,1010.9050772273723
5,1080.3442940651175
5,1175.1072677692823
5,1217.5579357849088
5,1244.396046970977
5,1238.6970960810463
5,1209.5409189953891
5,1185.0743381004604
5,1123.4796859931057
5,1147.2192200418592
5,1220.6383494029749
5,1241.7699946394061
5,1227.3136252787317
5,1203.5893138955046
5,1133.4427606644838
5,1154.9304839616996
5,1214.2356761973253
5,1215.8542951300822
5,1190.59576980363
5,1090.378144158637
5,1100.3935691428292
5,1065.7789354864497
5,1082.936460338013
5,1089.5626268266362
5,1092.0274443919673
5,1123.3990854523092
5,1137.7994940779934
5,1137.8236944197838
5,1192.68689023101
5,1230.3278468003618
5,1277.0218518971092
5,1180.7671149220669
5,1189.6361911516683
5,1227.1048399202473
5,1254.2383438134568
5,1227.6086193806154
5,1213.236393054289
5,1099.5995882943002
5,1161.4949428029329
5,1213.7194782281383
5,1243.8476106139597
5,1271.0322165915927
5,1241.47715359717
5,1199.5544519406988
5,1157.128489931141
5,1027.226776933422
5,1135.682974044213
5,1194.6461608849336
5,1225.704482376358
5,1252.0296732459524
5,1271.5017437238953
5,1252.0175422113612
5,1229.0786404605954
5,1190.7033903460679
5,1051.0429707563321
5,1061.7783137553813
5,1134.0724150431013
5,1179.644912114532
5,1209.3828608320055
5,1220.785851671705
5,1244.8129980532478
5,1258.8257778459833
5,1249.5201090620988
5,1240.774854716263
5,1226.208989806834
5,1190.0887107836586
5,1215.3527985287185
5,1114.551717457638
5,1132.6777651780972
5,1157.6406996783296
5,1182.5062469593056
5,1191.1793323070685
5,1203.4991401664347
5,1226.6909483473262
5,1263.9835599370163
5,1244.1478552116491
5,1225.9070587442357
5,1228.0819635542468
5,1221.2898085211802
5,1241.6701637001368
5,1142.0838060020528
5,1032.4606624750863
5,1094.6152444026961
5,1125.6657964354358
5,1139.3564293508705
5,1141.3778955672467
5,1161.0981213869554
5,1195.9810245055887
5,1195.3483416819502
5,1235.92623375711
5,1237.6817577993118
5,1193.13363972513
5,1175.5194104636914
5,1200.2446120401717
5,1179.9004338107943
5,1214.637506642662
5,1087.5329503452888
5,896.8320717771917
5,1023.9084231951747
5,1081.9559361517727
5,1049.1736383381206
5,1020.572280387214
5,1103.5739485954996
5,1215.0277152699005
5,1183.0684272722795
5,1118.4488124199443
5,1091.3665316778993
5,1088.1207575932244
5,1116.538268464142
5,1190.4238475296813
5,1215.8196778250535
5,1151.1689049006568
5,1041.6535170258928
5,1203.56868881231
5,1273.2538832479477
5,1184.6222866656638
5,981.9614400440588
